eval_level,gradient_boosting_win_rate,logistic_regression_win_rate,random_forest_win_rate
0,0.1,0.08333333333333333,0.13333333333333333
1,0.016666666666666666,0.1,0.08333333333333333
2,0.05,0.15,0.05
3,0.05,0.08333333333333333,0.03333333333333333
4,0.06666666666666667,0.06666666666666667,0.05
