eval_level,gradient_boosting_enhanced
0,41.016666666666666
1,39.11666666666667
2,42.28333333333333
3,29.033333333333335
4,33.53333333333333
