eval_level,gradient_boosting_enhanced_win_rate
0,0.016666666666666666
1,0.0
2,0.26666666666666666
3,0.016666666666666666
4,0.016666666666666666
